<?xml version="1.0" encoding="UTF-8"?><!DOCTYPE sitesettings SYSTEM "sitesettings.dtd"><!--Adobe GoLive settings file--><sitesettings section="colortab" version="1.0">	<attributes>		<attribute name="dataVersion" value="2"/>		<list name="entries">			<item>				<attribute name="unfolded" value="yes"/>				<attribute name="url" value="siteEntry://colors/Used%2520Swatches/"/>				<attribute name="urlU" value="siteEntry://colors/Used Swatches/"/>			</item>			<item>				<attribute name="rgb" value="#000000"/>				<attribute name="url" value="siteEntry://colors/Used%2520Swatches/black"/>				<attribute name="urlU" value="siteEntry://colors/Used Swatches/black"/>			</item>			<item>				<attribute name="rgb" value="#0000ff"/>				<attribute name="url" value="siteEntry://colors/Used%2520Swatches/blue"/>				<attribute name="urlU" value="siteEntry://colors/Used Swatches/blue"/>			</item>			<item>				<attribute name="rgb" value="#ff0000"/>				<attribute name="url" value="siteEntry://colors/Used%2520Swatches/red"/>				<attribute name="urlU" value="siteEntry://colors/Used Swatches/red"/>			</item>			<item>				<attribute name="rgb" value="#606060"/>				<attribute name="url" value="siteEntry://colors/Used%2520Swatches/untitled%2520color"/>				<attribute name="urlU" value="siteEntry://colors/Used Swatches/untitled color"/>			</item>			<item>				<attribute name="rgb" value="#666666"/>				<attribute name="url" value="siteEntry://colors/Used%2520Swatches/untitled%2520color1"/>				<attribute name="urlU" value="siteEntry://colors/Used Swatches/untitled color1"/>			</item>			<item>				<attribute name="rgb" value="#e9e9e9"/>				<attribute name="url" value="siteEntry://colors/Used%2520Swatches/untitled%2520color2"/>				<attribute name="urlU" value="siteEntry://colors/Used Swatches/untitled color2"/>			</item>			<item>				<attribute name="rgb" value="#ffffff"/>				<attribute name="url" value="siteEntry://colors/Used%2520Swatches/white"/>				<attribute name="urlU" value="siteEntry://colors/Used Swatches/white"/>			</item>		</list>	</attributes></sitesettings>