<?xml version="1.0" encoding="UTF-8"?><!DOCTYPE sitesettings SYSTEM "sitesettings.dtd"><!--Adobe GoLive settings file--><sitesettings section="externaltab" version="1.0">	<attributes>		<attribute name="dataVersion" value="2"/>		<list name="entries">			<item>				<attribute name="folderType" value="3"/>				<attribute name="unfolded" value="yes"/>				<attribute name="url" value="siteEntry://externals/Scanned%2520Addresses/"/>				<attribute name="urlU" value="siteEntry://externals/Scanned Addresses/"/>			</item>			<item>				<attribute name="externalUrl" value="mailto:Info@Genvion.com"/>				<attribute name="externalUrlU" value="mailto:Info@Genvion.com"/>				<attribute name="url" value="siteEntry://externals/Scanned%2520Addresses/Info"/>				<attribute name="urlParams" value=""/>				<attribute name="urlParamsU" value=""/>				<attribute name="urlU" value="siteEntry://externals/Scanned Addresses/Info"/>			</item>			<item>				<attribute name="externalUrl" value="mailto:info@genvion.com"/>				<attribute name="externalUrlU" value="mailto:info@genvion.com"/>				<attribute name="url" value="siteEntry://externals/Scanned%2520Addresses/info"/>				<attribute name="urlParams" value=""/>				<attribute name="urlParamsU" value=""/>				<attribute name="urlU" value="siteEntry://externals/Scanned Addresses/info"/>			</item>			<item>				<attribute name="externalUrl" value="mailto:jobs@Genvion.com"/>				<attribute name="externalUrlU" value="mailto:jobs@Genvion.com"/>				<attribute name="url" value="siteEntry://externals/Scanned%2520Addresses/jobs"/>				<attribute name="urlParams" value=""/>				<attribute name="urlParamsU" value=""/>				<attribute name="urlU" value="siteEntry://externals/Scanned Addresses/jobs"/>			</item>			<item>				<attribute name="folderType" value="2"/>				<attribute name="unfolded" value="yes"/>				<attribute name="url" value="siteEntry://externals/Scanned%2520URLs/"/>				<attribute name="urlU" value="siteEntry://externals/Scanned URLs/"/>			</item>			<item>				<attribute name="externalUrl" value="http://www.google.ca/maps"/>				<attribute name="externalUrlU" value="http://www.google.ca/maps"/>				<attribute name="url" value="siteEntry://externals/Scanned%2520URLs/google-maps"/>				<attribute name="urlParams" value=""/>				<attribute name="urlParamsU" value=""/>				<attribute name="urlU" value="siteEntry://externals/Scanned URLs/google-maps"/>			</item>		</list>	</attributes></sitesettings>