<?xml version="1.0" encoding="UTF-8"?><!DOCTYPE sitesettings SYSTEM "sitesettings.dtd"><!--Adobe GoLive settings file--><sitesettings section="fonttab" version="1.0">	<attributes>		<attribute name="dataVersion" value="2"/>		<list name="entries">			<item>				<attribute name="unfolded" value="yes"/>				<attribute name="url" value="siteEntry://fonts/Scanned%2520Font%2520Sets/"/>				<attribute name="urlU" value="siteEntry://fonts/Scanned Font Sets/"/>			</item>			<item>				<attribute name="fontSet" value="Arial"/>				<attribute name="fontSetU" value="Arial"/>				<attribute name="url" value="siteEntry://fonts/Scanned%2520Font%2520Sets/untitled%2520font%2520set"/>				<attribute name="urlU" value="siteEntry://fonts/Scanned Font Sets/untitled font set"/>			</item>			<item>				<attribute name="fontSet" value="Arial,%20Helvetica,%20sans-serif"/>				<attribute name="fontSetU" value="Arial, Helvetica, sans-serif"/>				<attribute name="url" value="siteEntry://fonts/Scanned%2520Font%2520Sets/untitled%2520font%2520set1"/>				<attribute name="urlU" value="siteEntry://fonts/Scanned Font Sets/untitled font set1"/>			</item>			<item>				<attribute name="fontSet" value="Georgia,%20Times%20New%20Roman,%20Times,%20serif"/>				<attribute name="fontSetU" value="Georgia, Times New Roman, Times, serif"/>				<attribute name="url" value="siteEntry://fonts/Scanned%2520Font%2520Sets/untitled%2520font%2520set2"/>				<attribute name="urlU" value="siteEntry://fonts/Scanned Font Sets/untitled font set2"/>			</item>			<item>				<attribute name="fontSet" value="Verdana"/>				<attribute name="fontSetU" value="Verdana"/>				<attribute name="url" value="siteEntry://fonts/Scanned%2520Font%2520Sets/untitled%2520font%2520set3"/>				<attribute name="urlU" value="siteEntry://fonts/Scanned Font Sets/untitled font set3"/>			</item>			<item>				<attribute name="fontSet" value="Verdana,%20Geneva,%20Arial,%20helvetica,%20sans-serif"/>				<attribute name="fontSetU" value="Verdana, Geneva, Arial, helvetica, sans-serif"/>				<attribute name="url" value="siteEntry://fonts/Scanned%2520Font%2520Sets/untitled%2520font%2520set4"/>				<attribute name="urlU" value="siteEntry://fonts/Scanned Font Sets/untitled font set4"/>			</item>			<item>				<attribute name="fontSet" value="Verdana,%20Geneva,%20Arial,%20helvetica,%20sans-serif,%20Tahoma"/>				<attribute name="fontSetU" value="Verdana, Geneva, Arial, helvetica, sans-serif, Tahoma"/>				<attribute name="url" value="siteEntry://fonts/Scanned%2520Font%2520Sets/untitled%2520font%2520set5"/>				<attribute name="urlU" value="siteEntry://fonts/Scanned Font Sets/untitled font set5"/>			</item>		</list>	</attributes></sitesettings>