<?xml version="1.0" encoding="UTF-8"?><!DOCTYPE sitesettings SYSTEM "sitesettings.dtd"><!--Adobe GoLive settings file--><sitesettings section="specialfolders" version="1.0">	<attributes>		<attribute name="IFPPackagesFolderU" value="InDesignPackages"/>		<attribute name="IFPPackagesFolderV8" value="InDesignPackages"/>		<attribute name="SiteComponentsFolderU" value="Components"/>		<attribute name="SiteComponentsFolderV8" value="Components"/>		<attribute name="SiteDesignsFolderU" value="Diagrams"/>		<attribute name="SiteDesignsFolderV8" value="Diagrams"/>		<attribute name="SiteQueriesFolderU" value="Queries"/>		<attribute name="SiteQueriesFolderV8" value="Queries"/>		<attribute name="SiteSnippetsFolderU" value="Snippets"/>		<attribute name="SiteSnippetsFolderV8" value="Snippets"/>		<attribute name="SiteStationeriesFolderU" value="Stationery"/>		<attribute name="SiteStationeriesFolderV8" value="Stationery"/>		<attribute name="SiteTemplatesFolderU" value="Templates"/>		<attribute name="SiteTemplatesFolderV8" value="Templates"/>		<attribute name="SiteTrashFolderU" value="SiteTrash"/>		<attribute name="SiteTrashFolderV8" value="SiteTrash"/>		<attribute name="SmartObjectsFolderU" value="SmartObjects"/>		<attribute name="SmartObjectsFolderV8" value="SmartObjects"/>		<attribute name="UsesWStrs" value="yes"/>		<attribute name="version" value="1"/>	</attributes></sitesettings>