<?xml version="1.0" encoding="UTF-8"?><!DOCTYPE sitesettings SYSTEM "sitesettings.dtd"><!--Adobe GoLive settings file--><sitesettings section="urlhandling" version="1.0">	<attributes>		<attribute name="autoaddmailto" value="no"/>		<attribute name="casesensitive" value="yes"/>		<attribute name="cgiparameters" value=""/>		<attribute name="cutParamsAfter" value=""/>		<attribute name="encoding" value="UTF8"/>		<attribute name="hhescapingState" value="complete"/>		<attribute name="honorcgiparameters" value="no"/>		<attribute name="linksabsolute" value="no"/>		<list name="urlfilter"/>		<attribute name="version" value="2"/>	</attributes></sitesettings>